Temperature,Precipitation,CO2 Levels,Crop Yield,Soil Health,Extreme Weather Events,Crop Disease Incidence,Water Availability,Food Security,Economic Impact
7,59,329,483,10,Drought,Low,High,Low,High
39,20,426,679,8,Heatwave,High,Low,High,Low
18,46,403,587,5,Flood,Low,Medium,Low,Medium
9,91,356,220,5,Heatwave,Medium,Medium,High,Medium
35,12,325,538,1,Storm,Medium,Medium,High,High
26,91,465,631,7,Heatwave,High,High,Low,High
20,69,326,910,6,Storm,Medium,Medium,Low,High
9,44,479,313,5,Heatwave,Medium,High,Medium,Medium
26,18,339,504,6,Flood,Low,High,Low,Low
0,86,328,238,1,Storm,Medium,Medium,High,Low
39,62,315,956,10,Heatwave,Medium,High,Medium,Low
19,15,361,629,7,Storm,Low,Low,Medium,High
5,10,500,881,2,Drought,Low,Low,Low,High
1,5,397,591,5,Heatwave,High,Medium,High,High
0,3,415,847,7,Heatwave,Low,High,High,Low
29,84,315,533,9,Drought,High,Medium,Medium,Medium
40,39,476,756,1,Heatwave,High,Low,High,Low
33,69,465,811,8,Storm,Low,Medium,High,Low
6,27,407,673,3,Drought,High,Low,Low,High
41,100,410,397,2,Drought,Medium,Medium,High,Low
27,86,451,686,9,Drought,Medium,Low,Medium,Medium
34,28,408,984,6,Storm,High,High,Medium,High
29,14,474,406,7,Heatwave,Low,High,High,Medium
12,90,487,361,7,Heatwave,High,High,Medium,High
9,89,306,399,5,Drought,Low,Low,Medium,Low
10,8,426,415,1,Drought,Medium,Low,High,Medium
17,71,345,257,7,Flood,High,High,High,Medium
18,59,357,120,8,Drought,Medium,Medium,Low,High
45,26,413,130,3,Heatwave,Low,High,Low,High
35,69,369,271,3,Heatwave,High,Low,Medium,Medium
16,54,307,801,1,Flood,High,High,High,High
11,14,367,114,1,Flood,High,Medium,High,Low
39,31,452,545,3,Heatwave,Medium,High,Low,Medium
2,95,302,871,6,Drought,Medium,Low,Low,High
20,90,379,829,2,Storm,Low,High,High,High
14,66,482,835,9,Flood,Medium,Low,Low,High
29,37,477,762,7,Heatwave,Medium,Low,Medium,High
2,81,397,182,3,Storm,Low,Medium,High,Low
50,61,488,220,2,Heatwave,Low,Medium,Medium,High
39,25,350,624,3,Heatwave,Medium,Medium,Low,Medium
50,100,410,819,9,Flood,High,Low,Medium,Medium
14,95,369,993,2,Storm,Medium,Low,High,High
13,9,460,501,4,Drought,Medium,Medium,Medium,Medium
12,49,493,929,4,Storm,Low,High,High,Medium
17,28,356,117,5,Flood,Low,High,Medium,Low
6,62,445,573,7,Drought,Medium,Medium,Medium,Medium
4,29,325,865,8,Drought,High,Low,Medium,Medium
30,3,396,501,9,Storm,High,Low,Medium,High
28,35,366,628,8,Drought,High,Medium,Low,Medium
8,25,372,193,1,Drought,High,Low,Low,Medium
30,14,303,556,6,Storm,Medium,Low,Medium,Medium
26,51,467,846,1,Storm,Low,Low,Medium,Low
6,10,343,224,10,Drought,Medium,High,Medium,Medium
3,20,347,218,6,Heatwave,High,Medium,Medium,High
1,14,327,298,6,Flood,High,Low,Low,High
43,48,436,556,7,Flood,High,Low,Low,Low
39,55,401,906,8,Drought,High,Low,Low,Low
12,74,474,510,5,Storm,High,High,Medium,Low
2,66,314,471,10,Drought,High,High,Low,High
50,65,463,228,6,Heatwave,High,Medium,High,High
15,50,486,203,5,Storm,High,Low,Low,Low
17,33,495,152,7,Storm,Medium,High,Low,Low
36,10,345,319,2,Flood,High,Low,Medium,Low
27,64,350,820,2,Storm,Medium,Medium,High,Low
6,21,377,594,8,Heatwave,Low,Medium,High,High
22,74,439,231,7,Flood,Low,Medium,Low,Medium
2,64,444,388,5,Flood,Medium,Medium,Medium,High
9,47,356,585,7,Storm,High,Low,Low,High
33,18,346,451,5,Heatwave,Medium,Medium,High,Medium
41,55,439,644,3,Heatwave,Medium,High,Low,High
4,85,406,457,8,Flood,High,High,High,High
13,23,437,842,4,Drought,Medium,Medium,Low,Low
32,7,368,957,4,Flood,Low,Medium,Low,High
12,93,444,513,8,Flood,High,High,High,Low
16,45,391,697,5,Storm,Medium,High,Low,High
9,28,311,710,1,Flood,Low,Medium,High,Medium
26,70,498,157,9,Heatwave,Low,High,High,High
50,85,450,425,3,Heatwave,High,High,Low,High
33,48,454,232,10,Heatwave,Low,Medium,Medium,Low
33,75,423,215,10,Drought,Low,Medium,High,High
7,28,467,577,6,Storm,Medium,High,Medium,High
6,19,459,368,4,Storm,Medium,Low,Low,Low
29,79,350,727,7,Storm,Low,Medium,Low,Medium
1,13,419,752,8,Drought,Medium,Low,Medium,Low
44,41,387,269,5,Drought,Low,High,Medium,Low
10,28,493,532,1,Flood,High,Medium,High,High
18,80,397,513,9,Drought,Low,Low,High,Low
28,34,433,815,9,Storm,High,Low,Medium,Medium
0,83,463,861,6,Flood,Medium,Medium,High,Low
10,60,332,547,7,Flood,Medium,Medium,Low,Medium
36,17,480,948,7,Heatwave,High,Low,Medium,High
45,94,426,542,3,Storm,Medium,Low,Low,Medium
42,23,401,481,3,Heatwave,Medium,Medium,Medium,Low
21,16,407,528,9,Flood,Low,High,Low,High
22,49,317,597,5,Drought,High,Medium,Medium,Low
37,71,489,226,3,Heatwave,High,High,High,High
31,86,500,803,3,Heatwave,Low,High,Medium,Low
25,90,397,934,1,Flood,High,Low,High,Low
33,50,369,536,5,Flood,Low,Low,Low,High
34,59,413,935,4,Heatwave,Low,Low,Medium,Medium
1,73,374,708,10,Flood,Low,Low,Low,Low
19,35,329,932,7,Heatwave,Low,Low,High,High
43,19,378,281,9,Flood,Medium,Low,Low,Medium
17,19,440,552,5,Heatwave,Medium,Low,Low,High
9,59,453,673,7,Storm,Medium,High,Low,Medium
4,4,487,396,1,Drought,Low,Medium,Medium,Medium
17,85,448,886,6,Heatwave,Low,High,Medium,Low
25,89,480,219,2,Drought,Low,Medium,Medium,High
6,13,459,256,7,Flood,High,Medium,High,High
15,64,304,111,9,Flood,Low,High,Medium,Low
3,10,422,289,10,Flood,Low,High,High,Low
31,86,473,253,1,Heatwave,Low,Medium,High,Low
26,55,361,624,1,Storm,Medium,Low,Low,Medium
18,64,486,752,9,Storm,High,High,Low,Low
29,7,316,387,8,Flood,Medium,Medium,High,Medium
46,31,500,492,2,Storm,Medium,Low,Low,High
44,27,413,590,7,Heatwave,Medium,Medium,Medium,High
23,82,344,500,6,Drought,Low,Low,High,Medium
21,40,368,706,2,Heatwave,Medium,Low,Low,High
0,88,353,177,4,Flood,Low,Low,Low,High
26,16,431,797,8,Heatwave,Low,Medium,High,Medium
40,15,391,122,9,Flood,Medium,High,Low,Medium
15,49,375,575,10,Drought,Medium,Low,Low,Low
27,42,402,778,4,Storm,Medium,High,Medium,High
8,68,441,322,1,Storm,High,High,Medium,Low
19,7,427,153,7,Heatwave,Low,High,High,Medium
9,9,387,594,3,Heatwave,High,High,High,Low
26,55,397,958,10,Storm,Low,High,High,Low
8,65,402,745,5,Drought,Medium,Medium,Medium,High
39,35,328,691,7,Drought,Medium,High,Low,Medium
15,17,402,275,5,Flood,Medium,Low,Medium,High
48,92,484,857,2,Heatwave,Medium,High,Medium,Medium
26,11,415,200,6,Drought,Low,High,Medium,High
43,11,382,540,7,Heatwave,Medium,High,Low,Low
46,0,482,557,9,Flood,Medium,High,Medium,Low
28,16,428,605,6,Storm,Low,High,Medium,Low
38,1,411,248,10,Drought,Medium,Medium,Medium,High
11,94,310,217,9,Storm,Low,Low,High,High
43,1,407,262,4,Storm,High,Low,Low,Medium
37,83,334,916,8,Drought,Medium,Medium,High,Medium
50,45,335,264,3,Flood,Low,Low,Low,Low
17,54,370,408,2,Drought,Medium,Medium,Low,Medium
15,64,358,629,1,Flood,Low,Medium,High,Low
33,49,351,376,6,Drought,High,Low,Medium,Low
36,21,453,144,1,Storm,Low,Low,Medium,High
47,15,362,147,3,Storm,Low,Medium,Low,High
22,72,352,909,5,Storm,High,Low,Low,High
7,25,374,343,7,Heatwave,Low,Medium,High,High
1,56,476,129,5,Storm,Low,High,Medium,Medium
36,55,313,182,5,Flood,Low,Low,High,Low
25,70,431,827,8,Flood,High,Medium,Low,Low
36,73,451,672,4,Heatwave,Low,Medium,Medium,High
11,0,436,777,5,Storm,High,High,High,Low
8,50,417,965,7,Drought,Medium,Medium,Low,Low
40,69,405,411,9,Drought,Medium,Low,Low,Low
33,93,380,850,8,Heatwave,Medium,Medium,Medium,Low
28,29,475,683,1,Drought,High,Medium,High,Medium
30,66,314,179,1,Flood,Low,High,Medium,Medium
8,31,460,529,7,Flood,Medium,Medium,Low,Medium
24,67,395,485,2,Drought,Medium,Low,High,Medium
32,96,438,133,3,Drought,High,High,High,High
11,42,421,272,7,Flood,Low,Low,Medium,Low
16,100,441,494,4,Heatwave,Low,Medium,Low,High
49,73,458,529,7,Flood,High,High,Low,High
9,46,332,132,4,Drought,Low,Low,High,Low
27,93,433,234,9,Drought,Low,High,High,High
0,47,350,147,8,Storm,High,High,High,Low
19,91,487,700,9,Drought,Medium,Medium,High,High
21,24,421,327,7,Heatwave,Low,Low,High,Low
45,49,452,911,6,Heatwave,Low,Medium,Low,Low
26,19,465,640,8,Drought,Medium,Low,Low,High
15,26,407,442,5,Storm,Medium,Medium,High,High
50,83,430,625,5,Drought,High,Low,High,High
8,14,317,315,5,Storm,Low,Low,High,Medium
28,85,491,153,4,Storm,Low,High,Low,Medium
33,56,483,141,2,Heatwave,High,Low,Medium,Low
41,63,397,879,2,Storm,Low,Medium,Medium,Low
31,69,497,621,5,Heatwave,Low,High,Medium,High
0,99,399,136,10,Heatwave,Medium,High,High,Medium
1,72,360,871,9,Flood,Medium,High,High,Medium
38,19,359,861,7,Heatwave,High,Medium,Medium,High
14,58,384,727,8,Drought,Medium,Low,Medium,High
46,99,379,951,6,Storm,Low,High,Medium,High
44,68,392,674,6,Flood,High,Medium,Low,Low
9,71,432,304,8,Flood,High,High,High,Low
22,51,339,406,5,Storm,High,Low,Low,Low
24,69,352,596,1,Flood,Medium,Medium,Low,High
29,2,459,119,9,Drought,Medium,High,High,Low
9,58,385,769,2,Heatwave,High,High,Low,Medium
29,49,387,812,5,Heatwave,Medium,Medium,Medium,Low
49,85,495,104,7,Drought,High,High,Medium,Medium
41,98,415,526,1,Drought,High,Low,Medium,Low
48,2,479,352,4,Drought,Medium,Low,Medium,Low
38,30,322,286,3,Storm,Medium,Medium,Medium,High
15,52,389,985,2,Storm,Low,High,High,Medium
45,83,452,160,2,Storm,Medium,Medium,Medium,High
35,87,401,351,2,Storm,Low,Low,Medium,Low
32,18,477,270,2,Heatwave,Medium,Medium,High,Medium
24,21,456,835,6,Heatwave,High,Medium,High,Low
23,0,424,278,5,Storm,High,Low,High,Low
44,5,435,335,5,Drought,Medium,Medium,High,Medium
10,5,367,350,3,Storm,Medium,High,Low,Low
13,62,406,838,1,Storm,Low,Low,High,High
44,92,372,563,8,Flood,Medium,Low,High,Low
40,70,424,145,2,Storm,High,Low,Medium,Medium
1,22,458,768,6,Drought,High,Low,High,Low
27,15,375,790,4,Drought,Medium,Low,Medium,Low
9,30,443,984,3,Drought,Medium,High,High,Medium
22,95,410,677,1,Storm,Low,High,Medium,Medium
40,97,435,432,10,Drought,High,Medium,Low,High
27,5,376,500,2,Drought,High,High,Medium,Low
42,81,403,532,10,Heatwave,Low,Low,Medium,Medium
50,57,431,376,3,Storm,High,Low,Medium,Low
25,44,462,799,10,Flood,High,High,Low,High
1,55,473,415,10,Drought,Low,Medium,Low,High
41,86,333,179,5,Drought,High,Low,High,Medium
36,66,367,730,5,Heatwave,Medium,Low,Medium,High
29,20,317,237,1,Drought,Medium,Low,Medium,Medium
16,61,382,930,7,Heatwave,High,Low,Low,Low
34,8,487,445,8,Storm,Low,Medium,Low,Low
44,3,498,761,8,Drought,High,High,Low,Medium
9,65,387,381,5,Drought,Medium,Medium,High,High
3,53,326,143,9,Flood,Medium,High,Medium,Low
28,50,464,438,8,Flood,Low,High,High,High
36,75,461,913,5,Heatwave,Medium,High,High,Medium
38,52,425,385,10,Flood,Medium,Low,High,Medium
15,27,439,572,8,Heatwave,High,Medium,Medium,High
2,60,333,727,6,Storm,High,High,Low,High
44,47,479,217,9,Flood,Medium,Medium,Medium,Medium
16,57,434,566,8,Drought,High,High,Medium,High
13,68,437,703,7,Drought,Medium,Medium,High,High
7,76,449,889,5,Heatwave,Medium,High,Medium,High
11,2,431,493,7,Storm,Low,High,High,Medium
18,18,351,553,2,Flood,Medium,Low,High,Medium
2,51,435,100,8,Heatwave,Medium,Medium,High,Medium
17,65,474,434,2,Flood,Medium,Low,Low,Medium
23,48,479,956,9,Storm,Low,Medium,High,Medium
12,28,403,924,6,Flood,Medium,Medium,Medium,Low
44,96,318,489,10,Drought,Medium,High,Low,High
15,17,302,563,2,Drought,Medium,Medium,High,Low
47,29,435,648,10,Heatwave,Medium,Medium,Low,Low
40,3,316,739,6,Storm,Low,Medium,Low,Medium
23,89,441,585,8,Flood,Medium,High,Low,Low
13,26,448,737,3,Flood,Medium,Low,High,Low
35,32,417,626,10,Heatwave,High,High,High,Low
6,92,374,546,6,Storm,Low,Medium,Low,Medium
13,87,425,370,6,Storm,Medium,Low,High,Medium
17,9,465,974,1,Storm,High,High,Low,High
7,22,427,311,9,Heatwave,Low,Low,Medium,High
39,61,409,421,5,Drought,Low,Medium,High,High
8,87,408,327,10,Drought,High,Low,Low,Low
15,20,426,727,6,Drought,Low,High,High,High
49,62,488,696,3,Drought,Low,Medium,Medium,Medium
44,57,480,308,3,Storm,Medium,Low,Medium,High
44,87,362,319,6,Flood,Medium,Low,Low,Low
33,72,431,748,8,Drought,Low,Low,High,Medium
46,65,410,140,3,Flood,Medium,Medium,High,Medium
12,41,459,430,10,Heatwave,Medium,High,Low,High
46,25,485,961,10,Drought,Low,Medium,High,High
15,54,312,311,6,Heatwave,Low,Low,High,Medium
21,62,385,601,9,Storm,Medium,Low,High,Medium
45,72,355,612,9,Drought,Low,Low,High,Low
19,49,480,243,9,Storm,Low,Low,Medium,Medium
47,44,493,680,3,Flood,High,High,Low,High
42,18,359,333,8,Drought,Medium,Medium,High,Medium
26,63,376,125,6,Flood,High,High,High,High
26,38,427,989,6,Flood,High,Low,High,High
45,12,474,672,6,Storm,Low,High,Medium,Low
3,11,480,231,10,Flood,Low,High,High,Medium
23,77,380,847,4,Flood,Low,High,High,High
35,54,370,772,4,Storm,Low,Medium,Low,Medium
0,7,449,549,8,Flood,High,Medium,High,High
48,34,391,495,1,Heatwave,Medium,Medium,High,Low
16,39,436,494,7,Heatwave,Low,High,Low,Low
32,44,349,152,1,Heatwave,Low,Low,Medium,High
39,11,320,756,1,Flood,High,High,Low,Medium
37,6,321,486,7,Flood,Low,Low,Medium,High
8,2,303,728,5,Flood,Low,High,Medium,Low
24,49,407,970,8,Flood,Low,Medium,High,Medium
10,71,311,881,1,Heatwave,Low,Medium,Medium,Low
22,10,449,596,1,Flood,Medium,High,Medium,Low
1,18,498,611,9,Heatwave,Low,Low,Medium,High
49,65,422,606,4,Storm,Low,High,Medium,Low
36,9,463,483,9,Flood,High,Medium,Medium,Medium
15,26,423,292,7,Flood,Low,High,Low,Medium
7,79,355,961,6,Storm,High,High,High,Medium
17,22,304,388,8,Flood,Medium,High,High,Low
0,0,435,862,4,Storm,Medium,High,Medium,High
32,14,310,323,8,Heatwave,Low,High,Low,High
48,6,358,829,10,Heatwave,High,Medium,Low,Low
24,34,437,580,7,Flood,Medium,Low,Low,Medium
34,14,496,567,2,Storm,High,Low,Medium,High
45,89,455,984,8,Heatwave,Medium,High,Medium,Low
3,55,449,859,8,Flood,Medium,Medium,High,Low
48,71,373,985,4,Flood,Low,Medium,High,Medium
26,31,475,596,9,Heatwave,Medium,Medium,Low,Low
41,34,343,177,2,Heatwave,Medium,High,High,High
20,26,422,635,4,Flood,Low,Low,High,Low
21,7,486,262,10,Heatwave,Medium,High,Medium,Medium
49,22,357,811,2,Drought,High,Low,Low,High
46,4,318,202,5,Storm,Medium,High,Medium,Medium
1,48,449,515,1,Storm,Low,Low,Low,Low
48,40,348,904,4,Heatwave,High,Medium,Medium,High
26,3,348,893,7,Flood,High,Medium,High,Low
39,16,374,913,7,Flood,Medium,High,Medium,High
5,45,406,800,5,Drought,Low,Medium,High,Low
34,50,364,554,2,Heatwave,Low,High,Low,High
20,51,344,445,3,Storm,Low,High,High,Medium
8,43,320,554,5,Heatwave,Low,Medium,Low,High
15,33,468,318,2,Flood,Medium,Medium,Low,Low
46,97,467,201,9,Drought,High,Low,Medium,High
47,54,481,962,7,Flood,High,Medium,Low,Medium
42,48,458,704,10,Flood,Medium,Medium,Low,Medium
22,7,448,197,8,Storm,Medium,Medium,High,High
14,16,360,658,9,Heatwave,Medium,Low,Medium,Low
30,75,366,897,7,Flood,Low,Medium,Low,Medium
4,18,435,558,4,Heatwave,Low,Low,Medium,High
46,68,306,811,8,Flood,Medium,High,Medium,High
15,27,375,739,3,Drought,Low,High,High,Medium
29,9,477,497,2,Flood,Low,High,Low,High
37,22,390,120,9,Flood,High,Low,High,High
10,32,368,528,10,Flood,High,High,Medium,High
29,90,432,857,9,Storm,Low,High,Medium,Low
18,80,337,684,1,Drought,Low,Low,High,Medium
36,50,337,225,8,Flood,High,High,Low,Low
25,18,447,720,3,Storm,High,High,Low,High
31,15,301,987,7,Flood,Low,Medium,Low,Medium
5,9,431,712,1,Heatwave,Low,Low,Medium,Low
5,68,459,227,7,Heatwave,High,Medium,Medium,High
37,43,493,577,1,Heatwave,High,High,Medium,High
25,64,463,879,4,Storm,Medium,High,High,Low
35,91,476,740,6,Storm,Medium,Medium,Low,Low
3,34,383,289,3,Drought,High,Low,High,High
41,23,412,844,1,Storm,High,High,High,Low
39,92,454,213,8,Drought,High,High,Medium,Low
37,54,320,760,2,Storm,Medium,Low,High,High
15,82,466,766,10,Heatwave,Medium,Low,Medium,Medium
5,94,413,247,1,Drought,High,Medium,High,Medium
13,0,314,733,3,Drought,Low,High,High,High
0,68,458,185,6,Storm,Medium,Medium,Low,Low
39,13,450,992,2,Flood,Medium,Low,High,Low
14,36,349,427,6,Flood,Medium,Medium,Low,Low
29,25,491,582,5,Storm,Medium,High,Low,Medium
18,91,333,207,8,Storm,High,Low,High,High
40,8,371,612,1,Storm,Low,High,Low,Medium
20,56,441,987,6,Storm,Low,Medium,Low,High
45,85,343,780,2,Heatwave,Medium,Medium,Low,High
11,61,364,506,3,Storm,Low,Medium,Low,High
7,11,315,898,1,Storm,High,Medium,High,Medium
15,72,328,820,4,Flood,High,Low,Low,Medium
45,55,456,545,1,Heatwave,Medium,Low,Medium,Low
6,36,367,587,6,Drought,Medium,High,Low,High
0,86,322,909,7,Flood,Medium,Medium,High,Low
29,27,456,221,6,Heatwave,Medium,Low,High,Low
47,6,345,761,6,Flood,Low,Low,Low,High
42,74,411,679,6,Flood,Medium,High,Medium,High
26,63,362,225,6,Storm,Low,Low,Medium,Medium
26,44,476,863,5,Heatwave,High,High,High,High
45,94,355,969,6,Flood,Medium,Low,Medium,High
2,15,422,601,1,Drought,High,High,Low,Low
20,94,485,291,2,Drought,Medium,Medium,High,Medium
7,80,301,760,2,Drought,Low,Medium,High,Low
33,10,389,612,3,Heatwave,Low,High,Medium,Low
43,29,419,246,7,Storm,High,Low,Low,Low
13,89,430,532,4,Drought,Medium,High,Low,High
8,10,404,386,9,Drought,Low,Low,Low,Low
34,86,355,148,8,Heatwave,Medium,Medium,Low,Medium
40,36,352,782,8,Heatwave,High,Medium,Low,Low
6,27,465,527,5,Drought,Medium,Medium,Low,Medium
13,68,374,908,2,Storm,Low,Medium,High,Low
44,55,385,651,8,Heatwave,Medium,Medium,High,Medium
16,66,406,446,8,Storm,Medium,High,Medium,Low
27,87,439,904,8,Flood,Medium,Low,Medium,Low
13,21,315,925,8,Drought,High,Medium,High,High
6,30,368,145,2,Heatwave,High,High,Medium,Medium
49,27,385,452,7,Drought,High,Low,Medium,Medium
32,95,435,443,9,Heatwave,Low,High,High,Low
29,44,447,596,6,Storm,Low,Low,Low,High
30,71,405,173,3,Storm,Low,Low,High,Low
35,80,484,787,5,Storm,Low,High,Low,Low
4,5,485,483,6,Drought,High,Low,High,Low
10,95,420,974,9,Flood,Low,High,Low,Low
44,29,310,788,5,Flood,Medium,Low,High,High
32,35,395,480,5,Heatwave,Medium,Low,High,Medium
4,91,363,634,9,Heatwave,Medium,High,Medium,Medium
31,70,466,501,7,Drought,Low,High,Medium,Medium
48,4,500,181,6,Drought,Medium,Low,Low,High
31,4,467,750,8,Storm,Low,Low,Low,High
15,39,497,692,3,Heatwave,Medium,Medium,Medium,Medium
7,96,346,753,2,Flood,Low,High,Medium,High
38,36,412,267,5,Drought,Low,Medium,Medium,Low
1,0,348,918,2,Flood,Low,High,High,Low
43,97,413,628,3,Flood,High,Low,High,Medium
3,0,484,377,2,Storm,High,High,Medium,High
43,20,384,624,1,Heatwave,Medium,Medium,Low,Low
12,41,344,981,4,Drought,Low,Low,High,Low
18,74,352,107,7,Flood,High,Medium,High,Low
42,94,342,390,4,Storm,Low,High,Medium,High
22,37,337,186,6,Drought,Medium,High,Low,Medium
33,16,463,469,5,Heatwave,Medium,Medium,Low,Low
15,9,303,245,9,Flood,Low,Medium,Low,High
29,62,359,802,1,Flood,High,Low,High,Low
24,12,429,547,4,Heatwave,High,Low,High,Medium
16,30,374,905,3,Drought,Low,High,Medium,Low
12,98,449,879,6,Flood,High,Medium,Low,High
16,69,408,686,8,Storm,Low,Medium,High,High
15,75,459,545,5,Drought,Low,Low,Medium,Medium
48,96,302,634,5,Flood,Medium,Medium,Low,Medium
1,63,332,600,5,Flood,Low,Medium,Medium,Low
7,62,458,814,3,Flood,Medium,High,Low,Medium
37,15,342,320,2,Heatwave,Low,Medium,Medium,High
8,15,497,369,1,Flood,High,High,High,Medium
31,31,461,939,10,Heatwave,Medium,Medium,Medium,Low
15,22,371,697,2,Heatwave,Low,Low,Low,Low
42,19,415,262,8,Drought,Low,Medium,High,Medium
48,65,364,753,8,Storm,Low,High,Medium,Low
2,95,313,544,8,Heatwave,High,Low,Low,Low
35,26,338,910,6,Storm,Low,Low,Medium,High
15,98,471,152,8,Drought,Medium,Low,High,Low
30,80,457,880,5,Flood,Low,Medium,Low,High
5,85,427,593,6,Heatwave,Low,Low,Medium,High
49,86,328,364,3,Storm,Medium,Medium,High,High
50,8,482,323,10,Flood,Medium,Medium,High,Medium
1,38,396,526,6,Storm,Medium,Medium,Medium,Low
27,11,380,986,2,Flood,Low,High,Low,Medium
48,75,305,287,6,Flood,Medium,High,Low,Low
1,21,337,588,7,Flood,Medium,High,Low,Low
48,79,365,548,1,Storm,High,Medium,Medium,Medium
10,89,498,288,7,Heatwave,Medium,High,Medium,Low
43,41,328,964,7,Storm,High,High,Low,High
28,98,399,422,5,Storm,High,Medium,Medium,Medium
32,61,323,811,7,Flood,Low,Low,Medium,High
24,80,388,403,9,Drought,Low,Low,Low,Low
19,90,353,286,5,Heatwave,High,High,Low,Low
2,44,480,502,10,Heatwave,Low,High,High,High
15,94,390,227,9,Storm,Medium,Low,High,Low
10,22,409,707,7,Storm,Medium,High,Low,High
35,45,373,138,9,Drought,High,High,High,High
30,67,333,535,5,Flood,High,Low,High,Medium
28,95,463,606,1,Drought,High,Low,High,Low
20,20,341,173,2,Flood,Low,Medium,Low,Low
40,14,368,567,1,Heatwave,Medium,Medium,Low,High
45,79,456,149,6,Heatwave,High,Low,High,High
12,31,460,324,10,Flood,Medium,High,Medium,High
5,70,355,821,10,Drought,Medium,Medium,Medium,Medium
24,94,440,126,8,Flood,Low,Medium,High,High
39,1,331,363,7,Heatwave,Low,High,High,High
25,44,468,855,4,Storm,Low,High,Medium,High
29,70,329,499,9,Heatwave,High,Medium,High,Medium
7,26,472,423,4,Flood,Low,Medium,Low,High
27,95,372,390,6,Drought,Low,Medium,High,Medium
16,72,323,406,7,Flood,Low,Low,Low,Medium
2,48,306,185,9,Storm,High,Low,High,Medium
20,63,455,139,5,Heatwave,Medium,High,Low,High
34,52,440,768,8,Drought,High,Medium,Low,High
0,81,305,901,5,Drought,Low,Low,Low,High
37,19,330,145,6,Storm,Medium,Low,Medium,High
48,47,351,503,7,Drought,Medium,High,Medium,Low
47,36,416,227,4,Flood,Low,Medium,Medium,Medium
42,96,359,864,2,Heatwave,Low,High,Medium,Low
1,59,457,511,6,Storm,Low,Low,Medium,Medium
2,63,440,845,2,Storm,Medium,High,High,High
22,14,418,979,1,Heatwave,Medium,Medium,High,Low
30,84,484,905,10,Heatwave,Low,Low,Low,Low
39,15,321,265,2,Storm,Medium,Medium,Medium,Medium
33,60,318,962,1,Flood,Low,High,High,High
30,69,399,116,4,Heatwave,High,High,Low,Low
24,87,497,563,5,Heatwave,High,Low,Medium,Low
47,48,456,658,2,Flood,High,High,High,Medium
12,99,366,934,9,Drought,Low,Low,Low,Low
48,64,310,265,9,Heatwave,Medium,Medium,High,High
44,61,315,625,2,Heatwave,High,High,Low,Medium
29,10,354,352,10,Storm,Medium,High,Medium,Medium
39,22,479,278,2,Storm,Low,High,High,Low
46,51,436,718,2,Drought,High,High,Low,Low
41,0,393,416,9,Heatwave,Low,Medium,Low,High
1,2,500,823,10,Flood,Low,Low,High,High
40,6,365,103,3,Flood,Medium,Medium,Low,High
24,25,482,946,9,Flood,High,Medium,Medium,Medium
26,40,459,246,7,Storm,Low,Medium,Medium,High
49,71,489,228,9,Drought,Low,Medium,High,Low
31,64,496,320,6,Storm,High,High,High,Low
12,94,325,913,4,Drought,Low,Low,Low,Low
4,10,495,693,9,Heatwave,Low,Medium,Medium,High
27,72,362,445,3,Storm,Medium,Low,Medium,High
7,69,493,880,10,Storm,Medium,High,Low,High
21,79,411,652,7,Flood,High,High,Medium,Medium
34,79,465,464,5,Storm,Medium,Medium,Medium,Medium
9,14,498,367,5,Flood,High,High,Medium,Low
3,46,472,992,7,Storm,Medium,High,High,Medium
48,88,326,467,2,Heatwave,Low,High,Medium,High
27,66,410,339,1,Flood,Medium,Medium,High,High
26,32,354,962,7,Flood,High,Medium,Medium,Medium
44,16,483,849,9,Storm,High,High,Low,Medium
22,31,499,892,10,Heatwave,Medium,Medium,Low,High
13,82,370,290,4,Heatwave,Low,Medium,High,Medium
10,44,479,738,2,Flood,Medium,Low,Low,Medium
6,65,491,816,10,Storm,Low,High,Low,Low
42,37,420,834,2,Storm,High,Medium,Medium,Low
47,10,335,343,4,Heatwave,High,Medium,High,Medium
48,57,384,332,7,Storm,Low,Low,High,Medium
7,69,400,357,7,Flood,High,Medium,Medium,Medium
43,9,334,244,8,Storm,Medium,Medium,Medium,Low
46,56,440,879,3,Storm,Low,Medium,Medium,Low
27,40,420,203,3,Storm,Low,High,High,Low
44,44,483,750,4,Storm,Low,Medium,Low,Medium
29,4,384,982,3,Flood,High,Low,Medium,High
16,36,447,832,6,Flood,High,Low,Low,Low
17,10,375,853,6,Storm,High,Medium,Medium,Low
29,66,447,231,3,Flood,Low,High,Medium,High
33,39,460,632,6,Storm,High,High,Medium,Low
50,9,396,822,9,Storm,Low,Low,Medium,Low
22,37,376,822,7,Storm,Low,Low,Medium,Low
23,14,376,205,1,Storm,Low,High,Low,Medium
8,55,478,530,3,Heatwave,High,High,High,High
31,14,404,356,10,Flood,Medium,Low,High,Medium
15,50,459,530,7,Drought,High,High,Low,Low
41,84,431,970,10,Flood,High,High,Low,Medium
26,26,376,167,8,Flood,Medium,Medium,Low,High
11,0,473,320,3,Storm,Medium,High,Medium,High
7,8,379,489,10,Drought,Low,Medium,Low,Low
0,32,425,170,8,Heatwave,High,High,Low,Medium
4,34,417,585,6,Heatwave,Medium,Low,High,Low
14,77,370,491,2,Heatwave,Low,Medium,Low,High
25,98,459,391,2,Heatwave,High,Medium,Medium,High
6,22,389,114,9,Heatwave,High,Medium,Medium,Medium
7,19,392,263,9,Heatwave,Low,Medium,High,High
26,67,421,346,3,Heatwave,High,Medium,Medium,Low
45,12,410,557,3,Storm,High,High,Low,High
45,51,457,422,7,Flood,Low,High,Low,Medium
0,6,444,697,7,Heatwave,High,Low,Low,High
32,55,442,712,7,Drought,Medium,High,High,High
35,36,330,237,1,Flood,Medium,Medium,High,High
28,100,349,888,5,Storm,Low,High,Medium,Medium
42,22,446,277,1,Drought,Medium,High,Medium,Low
8,51,392,237,3,Drought,Low,High,Low,Low
41,68,356,508,1,Drought,Medium,Medium,Medium,Low
0,97,492,910,1,Storm,Medium,High,Medium,High
7,99,358,206,1,Drought,High,High,Low,High
47,19,307,531,8,Drought,High,Low,High,Medium
19,2,300,988,9,Storm,High,Medium,High,Low
11,83,440,690,5,Drought,Low,Medium,Low,High
23,73,358,437,10,Drought,Low,High,Low,Low
37,21,336,949,4,Drought,Low,Low,High,Medium
31,9,364,595,8,Flood,High,Low,Medium,Low
38,17,410,820,6,Flood,Low,Medium,High,Low
50,84,494,947,3,Drought,Low,High,High,High
26,27,303,423,3,Heatwave,Low,Low,Low,High
35,51,376,651,7,Heatwave,High,High,High,Low
27,7,382,109,8,Flood,Medium,Medium,Medium,Medium
36,36,463,107,4,Flood,Low,High,High,Medium
37,48,490,936,8,Flood,Low,High,High,Low
28,16,343,846,7,Flood,Medium,Low,Low,High
34,60,318,925,7,Drought,High,Medium,Medium,Medium
13,39,482,444,2,Heatwave,Medium,Low,Medium,Medium
50,92,433,577,4,Heatwave,Medium,Medium,Low,High
21,9,464,661,5,Heatwave,High,High,High,Low
44,78,356,548,1,Storm,Low,Medium,High,Medium
35,27,497,344,6,Drought,High,High,Medium,Medium
20,11,434,771,6,Storm,Low,High,Medium,Medium
29,27,367,441,8,Heatwave,Low,Low,Medium,High
21,17,368,166,6,Flood,High,High,High,High
5,1,485,326,5,Storm,High,Low,High,High
25,75,374,223,9,Drought,High,High,Medium,High
3,27,476,827,5,Flood,Medium,Medium,High,Low
29,51,409,379,2,Storm,High,High,Medium,Medium
47,86,377,471,6,Storm,Low,High,High,Medium
35,72,373,561,3,Drought,Medium,Medium,Medium,Medium
44,73,312,264,3,Heatwave,Low,High,Low,High
47,59,437,956,1,Storm,Low,Medium,High,Low
45,51,422,358,3,Drought,High,High,High,Medium
45,12,432,372,4,Drought,High,Low,Low,Medium
29,54,411,630,9,Drought,Medium,Medium,Low,Medium
26,25,341,120,2,Flood,High,Medium,Medium,Medium
2,63,462,882,10,Drought,Low,Medium,Low,Medium
12,67,356,146,5,Drought,Low,Medium,Low,High
48,80,421,491,7,Storm,Medium,High,Medium,High
41,52,318,463,9,Heatwave,Medium,Medium,Low,High
35,11,385,905,5,Flood,Medium,High,High,High
39,12,449,551,10,Storm,Low,Medium,High,High
4,98,375,301,10,Drought,Medium,Medium,High,Low
37,24,384,546,8,Heatwave,High,Medium,High,Low
44,7,457,868,8,Drought,Low,Medium,Low,Low
25,42,410,246,9,Heatwave,Low,Low,High,High
26,72,466,312,6,Drought,Medium,Medium,Medium,Medium
8,26,434,143,3,Flood,High,Medium,High,High
43,52,331,210,5,Storm,Low,Medium,High,High
48,15,444,873,4,Heatwave,Medium,Low,Medium,Medium
33,38,320,962,3,Drought,Low,Medium,Medium,Low
5,85,489,546,4,Flood,Medium,Medium,High,High
23,61,482,101,4,Drought,Medium,High,High,High
20,99,488,306,3,Storm,Low,Medium,Low,Low
4,71,473,517,5,Storm,Medium,Low,High,Low
3,91,368,486,8,Drought,Low,Medium,Medium,Low
5,26,404,152,10,Heatwave,Low,Low,Low,Medium
50,11,380,981,10,Heatwave,High,Medium,Medium,High
16,90,381,317,1,Drought,Low,High,Low,Medium
7,63,420,396,5,Flood,Medium,High,Medium,Low
12,72,375,659,8,Heatwave,High,Medium,Low,Low
14,62,381,103,2,Flood,Medium,Low,Low,Medium
19,50,443,946,10,Heatwave,Low,Low,Medium,Medium
46,20,373,214,7,Heatwave,Medium,Low,Medium,Low
43,23,404,211,10,Heatwave,Low,Medium,Low,High
19,80,392,391,5,Flood,Low,High,Low,Low
29,43,312,332,3,Flood,Low,High,Medium,Medium
2,62,385,283,10,Heatwave,Medium,Medium,High,High
38,51,426,325,7,Drought,Medium,Low,High,High
5,35,381,908,8,Flood,High,Low,Low,High
37,16,392,981,4,Drought,Medium,Medium,High,Medium
21,89,423,500,9,Flood,Low,High,Medium,Low
36,23,371,422,8,Storm,Medium,Medium,High,Low
46,49,432,981,5,Flood,Medium,High,Medium,High
45,50,309,207,3,Drought,Low,High,High,High
46,31,328,776,7,Drought,Medium,Medium,Medium,Medium
46,17,457,838,2,Drought,Low,Low,High,High
8,5,359,579,1,Drought,Medium,Low,Medium,Medium
22,9,426,842,8,Storm,High,High,Medium,Medium
43,16,347,170,2,Heatwave,Medium,High,Medium,Low
23,24,445,861,1,Storm,Low,High,High,Medium
39,79,304,709,1,Flood,Medium,High,Low,Low
48,58,498,659,2,Flood,Low,Medium,Medium,Medium
0,83,341,177,9,Drought,Medium,Medium,Medium,Medium
47,21,419,372,7,Flood,Low,Medium,High,Medium
9,34,338,159,2,Drought,Low,Low,Medium,High
7,40,452,881,5,Storm,High,Medium,High,Low
8,24,407,528,3,Flood,Low,Low,High,High
26,23,478,116,6,Drought,Medium,High,High,Low
14,73,403,492,5,Storm,Medium,Medium,Medium,Medium
48,42,497,828,8,Heatwave,Medium,Medium,Medium,Medium
20,43,332,659,7,Flood,Medium,Low,Low,High
42,74,490,907,7,Storm,Medium,Medium,High,Medium
34,81,389,836,6,Drought,High,Medium,Low,Low
22,67,384,116,7,Flood,Medium,Low,High,Low
13,4,470,296,2,Storm,High,Low,Medium,Low
12,57,308,149,10,Flood,Medium,Medium,High,Low
17,58,379,410,3,Drought,Low,High,High,Medium
39,26,365,368,3,Flood,Medium,Low,Low,Low
39,84,436,658,2,Drought,High,High,Medium,High
40,2,437,908,6,Flood,Low,Low,Low,Medium
26,0,315,554,10,Heatwave,High,Medium,Medium,Medium
25,78,422,719,4,Storm,High,Medium,High,Low
35,72,463,464,3,Flood,Low,High,Low,Medium
13,69,309,678,4,Flood,Low,Low,High,Medium
28,25,404,224,2,Drought,Medium,Low,Medium,High
8,60,332,895,2,Heatwave,Low,High,Medium,Low
36,74,308,489,1,Storm,Low,Low,High,High
25,60,383,820,3,Flood,Low,Low,Medium,Low
39,98,372,426,2,Flood,Low,High,Medium,Medium
21,83,459,263,2,Heatwave,Low,High,Medium,Medium
27,42,434,470,9,Heatwave,Medium,Low,Medium,High
15,30,315,820,7,Storm,Medium,Medium,High,High
10,77,346,310,3,Storm,High,Medium,High,Medium
50,70,310,377,7,Heatwave,Medium,Low,Medium,Low
22,33,486,421,6,Storm,High,Medium,High,High
44,28,423,146,7,Drought,Low,High,Medium,Low
46,86,325,139,6,Heatwave,High,Low,Low,High
9,70,373,417,9,Drought,Medium,High,Low,High
42,10,366,951,1,Drought,Medium,High,High,Low
47,22,471,309,9,Storm,Medium,Medium,Medium,Medium
2,48,336,744,9,Storm,High,High,High,High
42,20,429,165,5,Drought,Medium,Low,High,High
11,14,426,718,5,Heatwave,Low,High,Low,Low
2,78,468,710,8,Drought,Medium,Medium,High,High
47,57,389,217,8,Heatwave,Medium,High,High,Medium
40,94,406,418,7,Drought,Low,Low,High,High
23,78,407,307,4,Storm,High,Medium,Medium,Low
31,36,486,575,1,Drought,High,Medium,High,High
0,93,322,675,9,Storm,Medium,High,Medium,High
19,96,458,898,9,Drought,Low,High,Low,Low
23,65,370,253,6,Drought,Low,Low,Low,Low
43,23,436,779,3,Storm,Medium,Low,Low,Medium
8,61,305,722,5,Heatwave,Low,Medium,Low,Low
3,38,486,621,10,Storm,High,Medium,Low,Low
47,85,389,328,3,Storm,High,High,Low,Medium
28,61,423,429,8,Drought,Low,High,High,Medium
16,93,344,568,6,Drought,Medium,High,Low,High
6,11,466,464,5,Drought,Low,Low,High,Low
12,71,415,969,9,Heatwave,High,Medium,High,Medium
17,16,359,724,4,Drought,Low,Low,Low,Medium
23,97,421,245,5,Storm,High,Low,Low,Low
50,13,467,277,2,Flood,Medium,Medium,Low,High
4,97,498,944,10,Storm,High,Medium,Medium,Low
31,82,448,501,2,Heatwave,High,High,Medium,Low
1,89,497,193,6,Flood,Low,High,High,Low
37,5,308,293,1,Storm,Medium,High,Low,Low
11,92,380,684,3,Drought,Medium,Low,Low,Low
3,7,451,987,10,Heatwave,Low,Low,Medium,Medium
22,29,458,574,6,Heatwave,Medium,Low,High,Medium
10,28,413,358,4,Drought,Low,Low,Medium,Low
35,48,310,467,3,Storm,High,High,High,High
24,36,338,771,10,Heatwave,High,High,Medium,Medium
40,32,499,355,10,Drought,Medium,Low,Medium,Medium
15,60,331,790,8,Flood,Low,Medium,High,Medium
5,39,451,932,2,Flood,Low,High,High,Low
35,11,348,627,8,Drought,High,High,Low,Low
37,69,445,224,10,Drought,High,Low,Low,Medium
15,50,318,100,10,Heatwave,Medium,Low,High,Medium
50,11,455,630,6,Storm,Low,Medium,Low,Low
34,94,336,980,5,Drought,High,Low,Low,Medium
0,71,318,346,5,Heatwave,Low,High,Low,Low
12,34,438,820,7,Drought,Medium,Low,Low,High
4,77,313,183,6,Heatwave,High,Medium,High,Medium
24,3,389,1000,8,Heatwave,Medium,High,Medium,High
29,18,499,188,2,Flood,Low,Medium,Medium,Medium
46,37,467,377,8,Flood,Low,High,Low,High
4,37,441,454,5,Flood,High,Medium,High,Medium
39,95,413,529,3,Storm,Medium,Low,Medium,Low
2,36,471,222,9,Drought,Low,High,Low,Low
7,39,397,433,7,Storm,Low,High,High,Medium
29,62,341,174,6,Heatwave,Low,Medium,Medium,Medium
4,20,495,879,3,Storm,Medium,Low,Low,Medium
5,69,430,177,5,Heatwave,High,Low,Medium,Low
11,48,480,494,3,Flood,Low,High,Low,Medium
49,6,477,390,5,Heatwave,Low,High,Low,High
44,20,363,613,3,Flood,High,Medium,Medium,Medium
10,26,320,915,3,Heatwave,Low,High,High,Low
50,12,342,219,2,Drought,Medium,Medium,Low,High
28,94,461,439,7,Storm,Medium,Low,Low,High
28,33,427,933,3,Drought,Medium,Low,Low,Medium
9,44,362,742,1,Heatwave,Low,Medium,High,Low
24,6,492,351,3,Flood,Medium,Medium,High,Low
20,12,462,660,5,Heatwave,Low,High,Low,Medium
31,25,356,483,10,Drought,Medium,Low,Medium,High
18,92,490,948,2,Flood,High,High,Medium,High
45,76,325,664,5,Drought,Low,Medium,Medium,Low
1,35,309,898,8,Storm,Medium,High,High,Low
20,20,304,826,2,Flood,High,Medium,High,Low
8,57,352,680,1,Heatwave,Medium,Low,Low,Medium
18,54,466,287,7,Drought,Medium,High,Low,Low
31,69,329,574,10,Heatwave,Low,Low,Low,Low
43,68,341,403,2,Drought,Low,High,High,Low
17,87,456,838,4,Drought,Low,Medium,Low,Low
41,64,410,819,2,Flood,Medium,High,High,Low
49,72,424,673,9,Heatwave,Low,High,Medium,High
3,84,363,208,9,Flood,Medium,Low,Medium,High
40,6,331,146,2,Drought,Low,Medium,Medium,Low
44,23,383,368,9,Drought,Medium,Medium,High,High
49,88,467,423,8,Drought,Low,Low,Low,Low
10,46,401,516,8,Flood,Medium,High,Low,High
17,95,428,147,10,Flood,Medium,High,High,Medium
31,1,320,771,2,Drought,Medium,Low,High,Medium
8,56,472,423,2,Storm,High,Medium,Low,High
38,8,458,899,6,Drought,High,Low,Low,Low
45,34,443,748,6,Flood,High,Medium,Low,High
13,0,481,964,4,Storm,Medium,Medium,Low,Medium
35,98,429,498,9,Flood,High,Medium,High,Low
32,39,423,389,7,Storm,High,High,High,Low
50,80,316,564,6,Storm,Low,High,High,High
3,61,312,611,1,Drought,High,Low,High,Medium
21,55,413,886,10,Heatwave,High,Low,Low,Medium
36,1,308,138,5,Drought,Medium,Medium,Medium,High
15,8,362,818,6,Heatwave,High,High,Low,Low
6,86,455,103,6,Drought,Medium,Medium,High,Medium
36,82,325,474,2,Flood,Medium,Low,Low,Medium
36,6,373,780,4,Flood,Medium,Low,High,Low
37,36,345,494,9,Storm,Low,High,High,High
42,2,301,112,1,Heatwave,Low,High,High,Low
44,95,456,497,6,Drought,High,Low,Low,High
26,4,317,433,1,Heatwave,Medium,High,Medium,High
47,80,478,587,1,Drought,Medium,Medium,Low,Low
21,18,329,737,6,Flood,Medium,Low,Medium,Medium
5,53,421,768,3,Storm,Medium,Medium,Medium,Low
44,99,333,313,1,Flood,Low,Medium,High,High
7,37,409,811,8,Heatwave,High,Low,High,Medium
34,99,495,101,9,Heatwave,Low,Low,Medium,Medium
23,6,360,126,3,Flood,High,Medium,Low,Medium
32,85,410,928,8,Drought,High,High,Medium,Medium
14,80,416,157,7,Heatwave,High,Medium,High,Low
2,13,428,921,4,Heatwave,Low,High,High,Medium
24,85,362,719,8,Heatwave,Medium,Low,Low,Medium
1,20,498,159,1,Heatwave,High,Medium,Medium,Medium
11,93,494,333,6,Flood,Low,Low,High,Low
22,40,335,120,10,Flood,High,High,High,Low
17,5,372,209,3,Heatwave,Low,Medium,Low,Low
7,44,349,218,1,Flood,Medium,Medium,Low,High
49,99,308,553,2,Heatwave,Low,Medium,Low,Medium
36,4,306,886,8,Storm,High,High,Medium,Medium
18,4,352,724,2,Heatwave,Low,High,High,High
6,19,321,374,5,Storm,High,Low,Medium,Medium
8,93,410,261,5,Flood,High,Medium,Low,Medium
2,69,444,443,8,Drought,Medium,High,Low,Medium
20,37,482,984,8,Flood,Medium,Low,High,Medium
29,95,332,985,1,Drought,High,Medium,Medium,Medium
24,5,325,375,2,Drought,Low,Low,High,High
22,2,462,478,10,Heatwave,High,Medium,Medium,Low
48,91,354,567,5,Flood,High,High,Low,Low
41,38,337,239,1,Heatwave,High,High,Low,High
12,14,328,102,10,Heatwave,High,Low,High,High
39,65,477,147,9,Flood,High,Medium,Medium,Low
44,34,480,513,3,Storm,Low,Low,Low,Medium
42,3,387,112,7,Heatwave,High,Medium,Medium,Medium
17,75,399,711,9,Drought,High,High,High,Low
35,12,344,296,2,Drought,Medium,High,Medium,High
0,55,450,509,7,Drought,Low,High,Medium,High
19,30,370,396,3,Drought,Low,Low,Low,High
33,9,375,769,6,Drought,Low,High,High,High
19,86,495,806,6,Heatwave,High,Medium,High,Medium
28,58,306,584,3,Heatwave,High,Medium,Medium,Medium
23,4,356,517,10,Heatwave,Low,Low,High,Low
30,94,440,666,9,Flood,High,High,Medium,High
18,67,432,640,3,Flood,Medium,Medium,High,Low
27,91,361,375,3,Heatwave,Low,Medium,High,Low
36,25,351,347,5,Drought,High,High,High,Medium
45,6,498,480,3,Heatwave,Low,Low,High,Medium
27,9,440,248,6,Heatwave,Medium,Medium,High,Medium
39,98,440,364,9,Storm,Low,Low,Medium,Low
14,66,339,139,4,Flood,High,Low,Medium,Medium
18,41,457,470,1,Flood,High,Low,Low,Medium
42,83,327,572,10,Drought,Low,Low,Medium,Medium
12,17,347,481,3,Storm,Low,High,Medium,High
14,12,405,553,7,Flood,High,High,High,Low
23,39,361,995,10,Storm,Medium,Medium,Medium,High
17,6,395,379,3,Drought,High,Low,Low,Medium
13,6,301,818,6,Drought,Medium,Medium,High,High
2,82,397,954,1,Storm,Medium,Low,Medium,Low
33,82,445,430,5,Heatwave,Low,Medium,High,Low
42,30,462,883,3,Heatwave,High,High,Medium,Medium
21,34,497,568,3,Storm,Medium,Low,Low,Medium
17,9,396,145,5,Heatwave,Low,Low,High,Low
16,31,319,636,9,Heatwave,High,High,High,High
21,43,388,390,3,Drought,Medium,Medium,Medium,High
3,45,398,187,3,Heatwave,Low,Low,Low,Low
39,92,458,406,7,Flood,Low,Low,High,Medium
42,21,315,916,3,Drought,High,Medium,Low,Medium
40,96,500,698,7,Flood,Low,Low,Medium,Low
21,96,404,329,9,Storm,High,Medium,High,High
23,40,416,719,5,Flood,Low,Low,Low,Low
25,96,335,176,7,Heatwave,High,Medium,High,High
24,31,404,964,8,Flood,Medium,High,High,Low
42,100,392,623,2,Drought,Low,Medium,High,High
32,67,421,445,6,Drought,Low,Low,High,Low
34,75,395,386,7,Storm,Medium,Medium,High,Low
30,56,361,358,8,Drought,Low,Low,Medium,Low
47,0,376,293,3,Heatwave,Medium,Medium,Medium,Medium
7,30,317,642,9,Flood,High,Low,High,High
11,34,337,218,2,Heatwave,Low,High,Low,Low
4,64,491,230,2,Storm,High,Low,Low,High
9,24,426,200,3,Flood,Low,High,Medium,High
18,87,323,749,3,Storm,Medium,Low,High,Low
27,8,468,546,8,Drought,High,Medium,Low,High
42,68,455,338,1,Flood,High,High,Medium,High
48,71,355,870,10,Flood,Low,High,High,High
46,5,389,683,6,Drought,Low,High,Low,Medium
43,2,403,120,9,Storm,Low,High,High,High
25,29,486,643,5,Storm,Low,High,High,High
20,97,475,410,1,Storm,Medium,Low,High,Medium
34,24,363,768,10,Flood,Medium,Medium,Low,Low
2,72,321,292,10,Heatwave,High,Medium,High,Medium
47,33,307,188,5,Drought,High,Medium,Medium,Low
48,14,346,853,8,Storm,High,High,Medium,Low
24,2,426,271,5,Drought,Low,Low,High,Low
31,52,495,973,2,Heatwave,Medium,High,Low,High
46,53,459,604,3,Storm,Medium,Low,Medium,Low
33,0,437,622,4,Heatwave,Low,Low,Low,Medium
3,63,407,651,2,Storm,Medium,Low,Medium,Low
11,23,319,714,4,Heatwave,Low,Medium,High,High
17,8,370,960,1,Flood,Medium,Medium,Medium,High
6,97,314,336,10,Flood,High,High,Medium,High
45,6,346,848,2,Drought,Low,Low,High,Low
16,88,386,960,4,Heatwave,Medium,Medium,Medium,High
6,65,393,799,7,Flood,Medium,High,High,Low
39,43,434,431,2,Heatwave,High,Low,Low,Medium
3,18,354,487,5,Flood,High,Medium,Medium,Low
0,78,462,924,9,Storm,Medium,Medium,Medium,High
47,30,373,716,9,Heatwave,Medium,Low,Medium,Low
35,61,362,271,9,Heatwave,High,High,Medium,High
27,29,379,995,1,Flood,Medium,Medium,Low,High
6,90,371,135,7,Storm,High,Low,Medium,High
21,23,325,985,1,Storm,High,Medium,Low,Medium
20,72,384,428,7,Storm,High,Low,Medium,Low
43,1,418,936,5,Storm,High,Medium,High,High
6,87,404,826,3,Flood,Low,High,High,High
18,58,375,824,5,Drought,Medium,Medium,Low,Low
12,70,419,493,7,Flood,Medium,High,High,High
41,22,499,884,6,Heatwave,High,Medium,Low,High
47,31,435,233,3,Flood,Low,High,Medium,Medium
22,100,313,219,10,Storm,Medium,High,Low,Low
3,37,432,990,3,Flood,Medium,Low,High,Medium
20,9,375,781,4,Storm,High,Medium,High,High
37,77,434,613,4,Heatwave,High,Low,High,Low
7,19,452,694,9,Heatwave,Medium,Medium,Medium,Low
21,72,366,692,8,Heatwave,Medium,Low,Medium,Low
48,28,413,130,10,Heatwave,High,High,Medium,Medium
37,64,364,770,2,Heatwave,Low,Low,Medium,Medium
5,5,447,565,4,Flood,Medium,Low,Low,Medium
31,13,496,238,2,Heatwave,Low,Low,Medium,Medium
25,32,496,562,9,Storm,Low,High,Low,Medium
44,52,397,691,1,Flood,Low,Low,Low,Medium
47,26,332,201,5,Flood,Medium,High,Low,Low
0,92,476,630,5,Drought,High,Low,Medium,Medium
34,42,321,192,7,Drought,High,High,High,High
20,41,355,805,10,Drought,Medium,Medium,Low,High
43,25,471,457,4,Storm,Low,Low,High,Low
42,88,328,145,2,Storm,Medium,High,Medium,Medium
12,96,411,733,7,Flood,Medium,Low,Low,Low
38,12,316,401,5,Heatwave,High,Medium,High,Low
36,10,386,765,4,Drought,Low,Low,High,High
41,17,328,122,8,Storm,Low,Low,High,High
38,37,424,762,6,Storm,Medium,Low,Low,Medium
19,2,409,534,9,Flood,Low,Low,Low,Medium
11,51,485,483,7,Heatwave,Medium,Low,High,Medium
43,18,318,953,10,Storm,Medium,Low,High,High
40,77,310,411,4,Drought,High,Low,Low,Medium
16,14,461,464,9,Storm,Medium,Medium,Medium,Low
23,95,367,633,8,Drought,Low,Low,Low,Medium
27,56,444,387,2,Flood,Low,Low,High,Low
11,97,482,210,2,Flood,Medium,High,Medium,Low
41,13,435,652,8,Storm,High,Medium,Medium,High
23,53,353,638,6,Heatwave,Medium,High,High,Medium
32,70,341,782,6,Heatwave,High,High,High,Low
37,42,455,392,6,Storm,Low,Medium,High,High
7,93,366,324,9,Flood,Medium,Low,Low,High
43,76,420,858,4,Storm,Low,Low,Medium,High
46,29,361,550,9,Drought,High,Medium,Medium,High
12,32,444,905,4,Flood,Low,High,Medium,Low
3,48,493,378,4,Flood,Medium,Low,Medium,Low
39,10,336,582,7,Drought,Low,Medium,High,Low
14,99,336,943,8,Drought,Low,Low,Medium,Medium
31,31,399,784,1,Storm,Medium,High,Low,High
8,84,409,173,9,Flood,Medium,Medium,High,Medium
20,93,481,497,9,Storm,High,Medium,Medium,High
28,48,465,382,8,Storm,Low,Medium,High,Low
13,60,328,168,4,Drought,Medium,Low,Medium,High
28,19,418,497,6,Heatwave,High,High,Low,High
27,66,378,261,7,Storm,Medium,Medium,Low,Medium
27,75,489,344,1,Heatwave,Low,Low,High,Medium
39,95,390,835,9,Flood,Low,Medium,High,Medium
50,87,377,603,5,Heatwave,Low,Medium,Low,Low
17,60,344,472,2,Heatwave,Medium,Low,High,High
41,47,446,530,10,Flood,High,Low,Medium,High
25,14,312,361,9,Heatwave,Medium,High,Medium,High
42,98,310,946,6,Storm,Medium,Medium,Low,Medium
13,67,305,729,6,Flood,Low,High,Medium,High
7,59,328,728,2,Flood,High,Medium,Medium,Medium
25,66,369,516,10,Drought,Medium,Low,High,Low
49,31,435,810,10,Flood,Medium,High,High,High
25,36,453,573,3,Flood,High,Medium,Medium,High
12,94,361,742,10,Drought,High,Medium,High,High
20,12,423,841,6,Flood,Medium,High,Medium,High
41,5,353,325,6,Storm,Medium,Low,Medium,Medium
38,38,397,792,9,Flood,Low,High,Low,Medium
22,79,452,231,4,Flood,High,Medium,Low,High
10,48,438,805,7,Storm,High,High,High,Medium
38,90,466,237,5,Drought,Medium,Medium,Medium,High
43,23,376,623,7,Heatwave,Low,High,Low,Medium
43,5,322,271,5,Drought,High,High,High,High
29,26,357,901,10,Heatwave,Medium,Medium,Medium,High
18,73,377,751,4,Storm,Low,Low,High,Medium
4,46,457,974,3,Heatwave,High,Medium,Low,High
32,66,496,224,2,Heatwave,High,Medium,Medium,Low
22,11,418,673,2,Storm,Low,Medium,Low,High
50,97,425,302,9,Storm,Low,Low,High,Low
17,100,415,486,8,Heatwave,High,Low,High,Low
44,28,412,483,1,Flood,High,Low,High,High
24,43,382,365,5,Heatwave,High,Medium,Medium,Medium
31,92,425,862,1,Storm,High,High,Medium,Medium
17,57,330,110,7,Drought,Low,Medium,Low,High
32,31,379,162,10,Drought,High,Medium,High,Low
6,9,410,616,5,Storm,High,Medium,Medium,High
16,73,486,936,4,Drought,Low,Low,High,High
49,46,483,857,9,Drought,High,High,High,High
29,33,414,891,5,Drought,High,Medium,High,Low
7,9,332,784,1,Storm,Medium,Low,Medium,High
37,57,458,727,3,Heatwave,High,Low,Medium,Medium
39,57,325,628,4,Flood,Medium,Low,Low,Medium
18,71,304,668,2,Flood,Medium,High,Medium,Medium
47,3,449,994,5,Drought,Medium,Medium,Medium,Low
1,79,388,818,7,Flood,Medium,Low,Low,Low
44,12,415,547,6,Storm,Low,Low,Low,High
13,6,352,574,6,Storm,Medium,Medium,Low,Low
11,55,383,665,10,Drought,Low,Low,Medium,Low
32,94,358,646,8,Heatwave,High,Medium,Low,Low
13,39,397,386,9,Drought,Low,High,Medium,Low
3,32,483,991,10,Drought,High,Low,Medium,High
14,58,424,318,10,Storm,High,Low,Low,High
11,50,490,663,9,Heatwave,High,Medium,Medium,Low
47,82,367,300,7,Storm,Medium,Low,Low,High
21,22,436,386,5,Heatwave,High,Medium,Medium,Low
38,64,442,701,10,Heatwave,High,Medium,Medium,High
46,40,352,246,1,Heatwave,Low,Low,High,Low
0,48,309,662,6,Heatwave,Low,High,Low,Low
18,77,473,972,1,Storm,Medium,Medium,Low,Medium
27,30,436,949,2,Flood,High,Low,Medium,Low
45,89,317,678,1,Storm,Low,High,Low,Low
42,53,399,151,5,Drought,Low,Medium,Medium,High
2,96,361,735,10,Storm,Medium,Medium,Low,High
33,43,404,847,2,Drought,High,High,Low,High
33,21,430,701,10,Drought,Low,Medium,High,Low
5,13,362,353,3,Drought,High,Medium,High,Medium
6,47,398,284,2,Flood,Low,Low,Medium,High
11,68,309,451,6,Flood,Medium,High,Medium,High
30,81,317,679,10,Drought,High,Low,High,Low
14,4,454,620,2,Drought,Low,Medium,Medium,High
48,86,412,530,9,Storm,Low,Medium,High,High
50,47,317,670,9,Drought,Medium,High,Medium,Medium
6,63,367,648,5,Heatwave,Medium,Low,High,Low
10,26,428,644,7,Flood,High,Medium,Low,Low
28,41,339,263,10,Drought,Low,Low,High,Low
42,31,372,530,2,Storm,Low,Medium,Low,Low
7,39,460,590,1,Flood,Medium,High,Low,Low
